origin,rank
https://www.designmag.it,1000
https://www.wikicasa.it,1000
https://www.accuweather.com,1000
https://www.msdmanuals.com,1000
https://www.mps.it,1000
https://www.mybrt.it,1000
https://www.bing.com,1000
https://www.blogsicilia.it,1000
https://www.money.it,1000
https://www.morningstar.it,1000
https://www.badtaste.it,1000
https://www.mangaworld.ac,1000
https://www.superenalotto.com,1000
https://www.superguidatv.it,1000
https://www.superenalotto.it,1000
https://www.easyjet.com,1000
https://support.google.com,1000
https://www.cisalfasport.it,1000
https://roma.bakecaincontrii.com,1000
https://www.trenitalia.com,1000
https://www.hentaisaturn.tv,1000
https://gds.it,1000
https://farmacialoreto.it,1000
https://www.milanofinanza.it,1000
https://www.romeo.com,1000
https://www.ttiviaggi.it,1000
https://www.twinset.com,1000
https://www.tv8.it,1000
https://open.spotify.com,1000
https://fastweb.it,1000
https://www.fanpage.it,1000
https://www.fastweb.it,1000
https://www.ansa.it,1000
https://www.leggo.it,1000
https://www.leroymerlin.it,1000
https://www.libraccio.it,1000
https://www.intesasanpaolo.com,1000
https://m.saldiprivati.com,1000
https://m.tuttomercatoweb.com,1000
https://www.amica.it,1000
https://www.gaet.it,1000
https://www.bergamonews.it,1000
https://www.betpassion.it,1000
https://www.corriere.it,1000
https://it.indeed.com,1000
https://www.euronics.it,1000
https://www.dizionario-latino.com,1000
https://imhentai.xxx,1000
https://case.trovit.it,1000
https://www.striscialanotizia.mediaset.it,1000
https://www.vodafone.it,1000
https://eniplenitude.com,1000
https://wetransfer.com,1000
https://www.tendenzediviaggio.it,1000
https://www.thefork.it,1000
https://community.punterforum.com,1000
https://www.sda.it,1000
https://www.servizioelettriconazionale.it,1000
https://it.vestiairecollective.com,1000
https://www.unibo.it,1000
https://sofifa.com,1000
https://www.preghiereperlafamiglia.it,1000
https://www.armiusate.it,1000
https://www.vaticannews.va,1000
https://www.pittarello.com,1000
https://m.cricbuzz.com,1000
https://m.lalaziosiamonoi.it,1000
https://www.flashscore.it,1000
https://www.matrimonio.com,1000
https://www.gazzetta.it,1000
https://www.getyourguide.it,1000
https://www.researchgate.net,1000
https://www.msccrociere.it,1000
https://www.vetinfo.it,1000
https://www.thomann.de,1000
https://www.moto.it,1000
https://stilearte.it,1000
https://questure.poliziadistato.it,1000
https://www.edreams.it,1000
https://mat6tube.com,1000
https://support.microsoft.com,1000
https://www.mercatinomusicale.com,1000
https://www.meteociel.fr,1000
https://psicoadvisor.com,1000
https://backoffice.slope.it,1000
https://fapello.com,1000
https://www.tripadvisor.it,1000
https://www.tubev.sex,1000
https://www.tuttocampo.it,1000
https://www.google.it,1000
https://www.facile.it,1000
https://www.fattoincasadabenedetta.it,1000
https://amasens.com,1000
https://www.animeworld.so,1000
https://www.livetennis.it,1000
https://www.giochi24.it,1000
https://www.inpa.gov.it,1000
https://www.casevacanza.it,1000
https://padova.bakecaincontrii.com,1000
https://www.futbol24.com,1000
https://www.agriaffaires.it,1000
https://www.aia-figc.it,1000
https://catania.bakecaincontrii.com,1000
https://telematici.agenziaentrate.gov.it,1000
https://webmail.tim.it,1000
https://boardgamearena.com,1000
https://danbooru.donmai.us,1000
https://www.fiorentina.it,1000
https://megaescort.info,1000
https://www.ilsecoloxix.it,1000
https://www.unobravo.com,1000
https://pornototale.com,1000
https://mytim.tim.it,1000
https://eterni.x1.italy.travian.com,1000
https://www.prenatal.com,1000
https://www.varesenews.it,1000
https://www.lotto-italia.it,1000
https://m.betflag.it,1000
https://m.fcinternews.it,1000
https://www.brocardi.it,1000
https://ippica.snai.it,1000
https://www.giallorossi.net,1000
https://www.gettyimages.it,1000
https://twitter.com,1000
https://www.wineandfoodtour.it,1000
https://www.spetteguless.it,1000
https://www.sinsay.com,1000
https://www.ticonsiglio.com,1000
https://www.autoscout24.it,1000
https://www.automobile.it,1000
https://www.motivi.com,1000
https://cinema.everyeye.it,1000
https://maxs19.fun,1000
https://notizie.virgilio.it,1000
https://nuvola.madisoft.it,1000
https://sudoku.com,1000
https://www.meteogiornale.it,1000
https://www.meteolive.it,1000
https://dipendente.sigmapaghe.com,1000
https://www.miur.gov.it,1000
https://www.salute.gov.it,1000
https://www.roblox.com,1000
https://www.romatoday.it,1000
https://one.google.com,1000
https://www.dagospia.com,1000
https://coomer.su,1000
https://www.concorsipubblici.net,1000
https://www.gossip.it,1000
https://www.kasanova.com,1000
https://aunicalogin.polimi.it,1000
https://www.fascicolosanitario.regione.lombardia.it,1000
https://www.quotidiano.net,1000
https://www.quattroruote.it,1000
https://www.outletmoto.eu,1000
https://www.castedduonline.it,1000
https://photos.google.com,1000
https://www.partslink24.com,1000
https://m.scegliauto.com,1000
https://m.youtube.com,1000
https://www.altalex.com,1000
https://www.amazon.it,1000
https://palermo.bakecaincontrii.com,1000
https://www.galbani.it,1000
https://www.tecnicadellascuola.it,1000
https://www.corrieredellacalabria.it,1000
https://www.laterradelgusto.it,1000
https://it.blastingnews.com,1000
https://it.erkiss.club,1000
https://it.intrend.it,1000
https://it.linkedin.com,1000
https://4kporn.xxx,1000
https://www.open.online,1000
https://www.expedia.it,1000
https://www.staseraintv.com,1000
https://www.voyage-prive.it,1000
https://www.volagratis.com,1000
https://en.luxuretv.com,1000
https://www.telefonino.net,1000
https://www.tezenis.com,1000
https://www.theguardian.com,1000
https://www.ifood.it,1000
https://www.serieturche.eu,1000
https://it.wikipedia.org,1000
https://it.stripchat.com,1000
https://ivaservizi.agenziaentrate.gov.it,1000
https://www.cardmarket.com,1000
https://www.ilportaledellautomobilista.it,1000
https://www.ilrestodelcarlino.it,1000
https://www.ilromanista.it,1000
https://www.unionesarda.it,1000
https://www.comingsoon.it,1000
https://myaccount.google.com,1000
https://www.portavolantino.it,1000
https://www.alamy.it,1000
https://business.facebook.com,1000
https://m.calciomercato.com,1000
https://m.jdsports.it,1000
https://www.atptour.com,1000
https://necrologie.repubblica.it,1000
https://nhentai.net,1000
https://www.wattpad.com,1000
https://archiveofourown.org,1000
https://areariservata.subito.it,1000
https://www.mrpornogratis.it,1000
https://www.spaziogames.it,1000
https://www.tombola.it,1000
https://ssu.unicusano.it,1000
https://www.mymovies.it,1000
https://www.nencinisport.it,1000
https://chaturbate.com,1000
https://pubmed.ncbi.nlm.nih.gov,1000
https://noodlemagazine.com,1000
https://www.guess.eu,1000
https://digital.mps.it,1000
https://gazzettadelsud.it,1000
https://programma.sorrisi.com,1000
https://www.milanotoday.it,1000
https://www.sanita.puglia.it,1000
https://www.3bmeteo.com,1000
https://www.italianoxxx.com,1000
https://www.diretta.it,1000
https://www.tubegalore.com,1000
https://www.chess.com,1000
https://altadefinizione.ceo,1000
https://www.annunci69.it,1000
https://www.anteprimavolantino.it,1000
https://www.raiplay.it,1000
https://www.qvc.it,1000
https://www.liujo.com,1000
https://www.fragrantica.it,1000
https://m.snai.it,1000
https://www.tecnocasa.it,1000
https://www.betpoint.it,1000
https://it.benetton.com,1000
https://24plus.ilsole24ore.com,1000
https://www.doveconviene.it,1000
https://thisvid.com,1000
https://torino.repubblica.it,1000
https://torino.corriere.it,1000
https://libreriamo.it,1000
https://wizzair.com,1000
https://bologna.bakecaincontrii.com,1000
https://www.terranovastyle.com,1000
https://www.iliad.it,1000
https://www.nexusmods.com,1000
https://www.nike.com,1000
https://it.m.wikipedia.org,1000
https://it.pornhub.com,1000
https://www.ilovepdf.com,1000
https://www.iltempo.it,1000
https://www.ilsole24ore.com,1000
https://www.sklum.com,1000
https://www.idealista.it,1000
https://www.erome.com,1000
https://myactivity.google.com,1000
https://playfootball.games,1000
https://www.aranzulla.it,1000
https://scanita.org,1000
https://www.yuvideos.com,1000
https://m.planetwin365.it,1000
https://www.flixbus.it,1000
https://virtuale.unibo.it,1000
https://www.oggi.it,1000
https://www.sportitalia.it,1000
https://www.sian.it,1000
https://spid.namirial.it,1000
https://spunteblu.it,1000
https://chat.openai.com,1000
https://stileo.it,1000
https://roma.repubblica.it,1000
https://www.hallofseries.com,1000
https://dilei.it,1000
https://dizionari.corriere.it,1000
https://wordwall.net,1000
https://www.ubitennis.com,1000
https://onepiecepower.com,1000
https://www.chiesacattolica.it,1000
https://www.dafont.com,1000
https://www.jw.org,1000
https://aternos.org,1000
https://www.angolotesti.it,1000
https://serviziweb2.inps.it,1000
https://www.formulapassion.it,1000
https://www.infojobs.it,1000
https://www.casadaprivato.it,1000
https://picclick.it,1000
https://m.shein.com,1000
https://m.tuttojuve.com,1000
https://www.amazon.com,1000
https://didasko.eipass.com,1000
https://www.agenziaentrateriscossione.gov.it,1000
https://www.hwupgrade.it,1000
https://www.lastampa.it,1000
https://www.estrazionedellotto.it,1000
https://duckduckgo.com,1000
https://www.dizy.com,1000
https://www.soniaperonaci.it,1000
https://pon20142020.indire.it,1000
https://www.lottomatica.it,1000
https://history.paypal.com,1000
https://hospitality-news.it,1000
https://m.dagospia.com,1000
https://www.qdpnews.it,1000
https://www.gazzettadiparma.it,1000
https://www.asos.com,1000
https://www.windtre.it,1000
https://www.sicilianews24.it,1000
https://www.tim.it,1000
https://hentai-ita.net,1000
https://www.bakecaincontrii.com,1000
https://www.subito.it,1000
https://www.pec.it,1000
https://salerno.bakecaincontrii.com,1000
https://www.treccani.it,1000
https://www.planetwin365.it,1000
https://www.mediaworld.it,1000
https://www.meetic.it,1000
https://docs.google.com,1000
https://gaia.cri.it,1000
https://www.romanews.eu,1000
https://www.rome2rio.com,1000
https://www.cucchiaio.it,1000
https://www.calciomercato.com,1000
https://fetlife.com,1000
https://anime.everyeye.it,1000
https://www.randstad.it,1000
https://www.linkedin.com,1000
https://www.liberta.it,1000
https://www.goldbet.it,1000
https://www.iodonna.it,1000
https://www.instant-gaming.com,1000
https://antenati.cultura.gov.it,1000
https://www.ixxx.com,1000
https://www.ivg.it,1000
https://www.amazon.de,1000
https://www.amaporn.com,1000
https://didattica.polito.it,1000
https://www.gamberorosso.it,1000
https://www.costacrociere.it,1000
https://it.aliexpress.com,1000
https://it.cam4.com,1000
https://abruzzo.cityrumors.it,1000
https://lms-courses.mercatorum.multiversity.click,1000
https://www.oraridiapertura24.it,1000
https://www.dotsport.it,1000
https://www.teleborsa.it,1000
https://www.ilcommiato.it,1000
https://www.ilgiorno.it,1000
https://www.ilfattovesuviano.it,1000
https://movieplayer.it,1000
https://it.sex.com,1000
https://www.unisalute.it,1000
https://sister.agenziaentrate.gov.it,1000
https://translate.google.it,1000
https://www.lottoced.com,1000
https://www.zara.com,1000
https://www.piccoletrasgressioni.it,1000
https://www.piazzaitalia.it,1000
https://www.piuricette.it,1000
https://m.imdb.com,1000
https://www.fitp.it,1000
https://www.deporvillage.it,1000
https://unica.istruzione.gov.it,1000
https://www.webboh.it,1000
https://www.acquistinretepa.it,1000
https://www.reverso.net,1000
https://appsport.snai.it,1000
https://www.violanews.com,1000
https://www.automoto.it,1000
https://mattinopadova.gelocal.it,1000
https://web.whatsapp.com,1000
https://www.travelglobe.it,1000
https://www.pornpics.com,1000
https://auto.everyeye.it,1000
https://bancoposta.poste.it,1000
https://www.misya.info,1000
https://www.888casino.it,1000
https://www.lacucinaitaliana.it,1000
https://www.direttagoal.it,1000
https://www.tuttosport.com,1000
https://www.ufficiocamerale.it,1000
https://www.cupsolidale.it,1000
https://cruciverba-parole-crociate.com,1000
https://www.greenme.it,1000
https://finecobank.com,1000
https://www.kiabi.it,1000
https://www.orizzontescuola.it,1000
https://www.gnoccaforum.com,1000
https://www.interno.gov.it,1000
https://www.jobsnews.it,1000
https://outlook.live.com,1000
https://www.targatocn.it,1000
https://www.lanazione.it,1000
https://www.etsy.com,1000
https://www.drmax.it,1000
https://cb01.army,1000
https://tg24.sky.it,1000
https://terremoti.ingv.it,1000
https://wol.jw.org,1000
https://servizi.agenziaentrateriscossione.gov.it,1000
https://concorsi.istruzione.it,1000
https://it.pictoa.com,1000
https://it.search.yahoo.com,1000
https://ita.xhamster.com,1000
https://mediasetinfinity.mediaset.it,1000
https://postepay.poste.it,1000
https://www.procyclingstats.com,1000
https://www.vanityfair.it,1000
https://www.younipa.it,1000
https://m.chaturbate.com,1000
https://m.laroma24.it,1000
https://www.focus.it,1000
https://github.com,1000
https://www.ricettasprint.it,1000
https://www.wittytv.it,1000
https://www.replatz.it,1000
https://guidatv.quotidiano.net,1000
https://www.speedtest.net,1000
https://bari.bakecaincontrii.com,1000
https://bari.repubblica.it,1000
https://www.blueshouse.it,1000
https://kemono.su,1000
https://www.ticketone.it,1000
https://www.today.it,1000
https://sport.virgilio.it,1000
https://stackoverflow.com,1000
https://studio.youtube.com,1000
https://quifinanza.it,1000
https://offerte365-it.com,1000
https://saas.hrzucchetti.it,1000
https://g.laroza.net,1000
https://www.samsung.com,1000
https://www.lamma.toscana.it,1000
https://www.concorsipubblici.com,1000
https://ricette.giallozafferano.it,1000
https://servizipst.giustizia.it,1000
https://mangabuddy.com,1000
https://orologi.forumfree.it,1000
https://www.tag24.it,1000
https://www.humanitas.it,1000
https://www.cosmopolitan.com,1000
https://www.latuadietapersonalizzata.it,1000
https://login.virgilio.it,1000
https://www.eurobet.it,1000
https://e-l.unifi.it,1000
https://xnxx.health,1000
https://cb01.rsvp,1000
https://www.voglioporno.com,1000
https://equiresults.com,1000
https://www.iene.mediaset.it,1000
https://www.ilmeteo.it,1000
https://www.ilnapolista.it,1000
https://itaincontri.com,1000
https://it.shein.com,1000
https://it.redtube.com,1000
https://it.trustpilot.com,1000
https://it.xhamsterlive.com,1000
https://youweb.bancobpm.it,1000
https://www.cardtrader.com,1000
https://www.soldionline.it,1000
https://www.unieuro.it,1000
https://www.codiciateco.it,1000
https://www.escort-advisor.com,1000
https://www.esselunga.it,1000
https://www.prealpina.it,1000
https://translate.google.com,1000
https://www.logitravel.it,1000
https://www.zalando-prive.it,1000
https://www.youmath.it,1000
https://m.corrieredellosport.it,1000
https://forum.alfemminile.com,1000
https://www.gazzettaufficiale.it,1000
https://www.adnkronos.com,1000
https://bergamo.bakecaincontrii.com,1000
https://www.sisal.it,1000
https://www.simonandthestars.it,1000
https://www.thetrainline.com,1000
https://www.thun.com,1000
https://streamingcommunity.forum,1000
https://web.spaggiari.eu,1000
https://weather.com,1000
https://notube.re,1000
https://romamobile.it,1000
https://www.toptransitalia.it,1000
https://passaportonline.poliziadistato.it,1000
https://www.menshealth.com,1000
https://www.it.lastminute.com,1000
https://www.la7.it,1000
https://www.ladige.it,1000
https://www.trovacasa.it,1000
https://www.tvsoap.it,1000
https://www.tusciaweb.eu,1000
https://onlyfans.com,1000
https://www.cookist.it,1000
https://www.animesaturn.co,1000
https://www.raiplaysound.it,1000
https://www.lefrecce.it,1000
https://www.giornalone.it,1000
https://www.gls-italy.com,1000
https://m.wiki.pokemoncentral.it,1000
https://www.galleriaborghese.it,1000
https://www.tavolartegusto.it,1000
https://www.lanuovasardegna.it,1000
https://linkcoordinamentouniversitario.it,1000
https://livesicilia.it,1000
https://www.facebook.com,1000
https://www.docsity.com,1000
https://www.douglas.it,1000
https://cbi.bpergroup.net,1000
https://www.volantinofacile.it,1000
https://webmail.pec.it,1000
https://www.tellows.it,1000
https://www.notino.it,1000
https://blog.giallozafferano.it,1000
https://www.iltirreno.it,1000
https://www.sky.it,1000
https://www.solopornoitaliani.xxx,1000
https://www.enel.it,1000
https://www.esquire.com,1000
https://sites.google.com,1000
https://www.xvideos.com,1000
https://m.milannews.it,1000
https://www.promoqui.it,1000
https://www.foggiatoday.it,1000
https://video.sky.it,1000
https://visortmo.com,1000
https://www.mariscalabria.it,1000
https://www.maturetube.com,1000
https://www.genova24.it,1000
https://www.gentechevainmontagna.it,1000
https://accounts.google.com,1000
https://www.webcrew.trenitalia.it,1000
https://www.wordreference.com,1000
https://www.adidas.it,1000
https://www.tomshw.it,1000
https://www.maisonsdumonde.com,1000
https://www.manomano.it,1000
https://www.studocu.com,1000
http://www.programmitv.it,1000
https://www.netflix.com,1000
https://www.cityrumors.it,1000
https://roma.corriere.it,1000
https://rule34.xxx,1000
https://www.tradeinn.com,1000
https://www.medicitalia.it,1000
https://genius.com,1000
https://faphouse.com,1000
https://www.miodottore.it,1000
https://www.10elotto5.it,1000
https://t.me,1000
https://www.lafeltrinelli.it,1000
https://www.google.com,1000
https://www.facileporno.com,1000
https://www.fcinter1908.it,1000
https://www.rainews.it,1000
https://www.instagram.com,1000
https://pixabay.com,1000
https://www.panini.it,1000
https://m.tuttoannunci.org,1000
https://www.alvolante.it,1000
https://www.fruugo.it,1000
https://www.garneroarredamenti.com,1000
https://www.betfair.it,1000
https://www.corriereadriatico.it,1000
https://www.corriereromagna.it,1000
https://www.latin.it,1000
https://www.onrugby.it,1000
https://www2.hm.com,1000
https://imgsrc.ru,1000
https://incontriamoci.xxx,1000
https://www.stol.it,1000
https://torinocronaca.it,1000
https://lichess.org,1000
https://mobile.yoox.com,1000
https://servizi2.inps.it,1000
https://www.ikea.com,1000
https://www.ilgazzettino.it,1000
https://www.ilmessaggero.it,1000
https://it.simpleescorts.com,1000
https://it.quora.com,1000
https://it.spankbang.com,1000
https://milano.repubblica.it,1000
https://www.skylinewebcams.com,1000
https://www.solitalian.it,1000
https://posteid.poste.it,1000
https://www.poste.it,1000
https://varese.bakecaincontrii.com,1000
https://www.alfemminile.com,1000
https://www.xnxx.com,1000
https://www.phica.eu,1000
https://www.picuki.com,1000
https://m.my-personaltrainer.it,1000
https://gls-group.com,1000
https://www.borsaitaliana.it,1000
https://verona.bakecaincontrii.com,1000
https://interattiva.eniplenitude.com,1000
https://www.giallozafferano.it,1000
https://accessnoipa.mef.gov.it,1000
https://www.accordiespartiti.it,1000
https://www.repubblica.it,1000
https://www.sorrisi.com,1000
https://www.biccy.it,1000
https://idp-poste.poste.it,1000
https://idserver.servizicie.interno.gov.it,1000
https://www.autohero.com,1000
https://www.avvocatoandreani.it,1000
https://www.superporn.com,1000
https://www.ecodibergamo.it,1000
https://noipa.mef.gov.it,1000
https://www.cittaceleste.it,1000
https://www.pokerstars.it,1000
https://www.pornoitaliano.com,1000
https://www.hdblog.it,1000
https://www.harpersbazaar.com,1000
https://privati.vodafone.it,1000
https://faq.whatsapp.com,1000
https://www.microsoft.com,1000
https://www.trovaprezzi.it,1000
https://www.chrono24.it,1000
https://www.dailymotion.com,1000
https://www.grazia.it,1000
https://www.fallcoaste.it,1000
https://www.fantacalcio.it,1000
https://www.farmasave.it,1000
https://www.ovs.it,1000
https://www.paginegialle.it,1000
https://www.gioianet.it,1000
https://www.catawiki.com,1000
https://www.itpornit.com,1000
https://www.jeysoft.eu,1000
https://m.tuttonapoli.net,1000
https://www.friulioggi.it,1000
https://www.betflag.it,1000
https://it.bidoo.com,1000
https://it.investing.com,1000
https://casertace.net,1000
https://thecuckold.com,1000
https://webmail.infocert.it,1000
https://webview.doveconviene.it,1000
https://bologna.repubblica.it,1000
https://www.ilmilanista.it,1000
https://www.ilfattoquotidiano.it,1000
https://www.nirvam.it,1000
https://www.fidal.it,1000
https://www.filmtv.it,1000
https://youbusinessweb.bancobpm.it,1000
https://www.ilpost.it,1000
https://www.immobiliare.it,1000
https://www.inail.it,1000
https://www.idealo.it,1000
https://www.eroticiracconti.it,1000
https://www.primevideo.com,1000
https://play.google.com,1000
https://www.lupoporno.com,1000
https://www.youporn.com,1000
https://forum.finanzaonline.com,1000
https://www.mcdonalds.it,1000
https://fr1.badoo.com,1000
https://apps.facebook.com,1000
https://larchitetto.it,1000
https://classroom.google.com,1000
https://www.trend-online.com,1000
https://www.porn300.com,1000
https://www.meteo.it,1000
https://www.disneyplus.com,1000
https://www.calciomercato.it,1000
https://www.juvelive.it,1000
https://www.animeunity.to,1000
https://www.lidl.it,1000
https://www.liberoquotidiano.it,1000
https://www.goal.com,1000
https://www.informazionefiscale.it,1000
https://www.inps.it,1000
https://www.carrefour.it,1000
https://app.alfadocs.com,1000
https://perugia.bakecaincontrii.com,1000
https://www.palermotoday.it,1000
https://mail.yahoo.com,1000
https://www.agrieuro.com,1000
https://elearning.unimib.it,1000
https://www.laprovinciacr.it,1000
https://www.larena.it,1000
https://it.fdating.com,1000
https://login.yahoo.com,1000
https://www.oltre.com,1000
https://drive.google.com,1000
https://torino.bakecaincontrii.com,1000
https://letterboxd.com,1000
https://en.wikipedia.org,1000
https://eper.parts.fiat.com,1000
https://www.telepass.com,1000
https://www.ilgiornale.it,1000
https://www.ilgiornaledivicenza.it,1000
https://context.reverso.net,1000
https://www.sephora.it,1000
https://it.xvideos.com,1000
https://messaggeroveneto.gelocal.it,1000
https://mercati.ilsole24ore.com,1000
https://milano.bakecaincontrii.com,1000
https://www.ilovepalermocalcio.com,1000
https://www.codicefiscaleonline.com,1000
https://eurostreaming.money,1000
https://www.airbnb.it,1000
https://sapere.virgilio.it,1000
https://brescia.bakecaincontrii.com,1000
https://registro.axioscloud.it,1000
https://www.flashscore.com,1000
https://video.gazzetta.it,1000
https://www.nytimes.com,1000
https://fondoambiente.it,1000
https://account.mediasetinfinity.mediaset.it,1000
https://account.booking.com,1000
https://txxx.com,1000
https://www.adecco.it,1000
https://www.action.com,1000
https://www.vinted.it,1000
https://www.tiktok.com,1000
https://www.auto-doc.it,1000
https://healthy.thewom.it,1000
https://www.mysnep.com,1000
https://www.neveitalia.it,1000
https://steamcommunity.com,1000
https://storiesig.info,1000
https://www.torrinomedica.it,1000
https://www.santagostino.it,1000
https://www.1001giochi.it,1000
https://www.ryanair.com,1000
https://www.twitch.tv,1000
https://www.ucicinemas.it,1000
https://onedrive.live.com,1000
https://www.juzaphoto.com,1000
https://altadefinizione.food,1000
https://www.radio-italiane.it,1000
https://www.paginebianche.it,1000
https://www.giornaledibrescia.it,1000
https://www.intimissimi.com,1000
https://www.italotreno.it,1000
https://mail.google.com,1000
https://www.bbc.com,1000
https://www.betitaly.it,1000
https://www.laprovinciadicomo.it,1000
https://www.laredoute.it,1000
https://it.flightaware.com,1000
https://www.scambio-figurine.it,1000
https://lms-courses.pegaso.multiversity.click,1000
https://cassetto.agenziaentrate.gov.it,1000
https://www.stroilioro.com,1000
https://www.strumentimusicali.net,1000
https://leghe.fantacalcio.it,1000
https://webmail.aruba.it,1000
https://dalmiocuore.it,1000
https://www.ildolomiti.it,1000
https://www.seigay.com,1000
https://it.marella.com,1000
https://it.youporn.com,1000
https://meet.google.com,1000
https://www.skyscanner.it,1000
https://www.skuola.net,1000
https://www.uniecampus.it,1000
https://www.ibs.it,1000
https://www.eporner.com,1000
https://www.ernesto.it,1000
https://www.escortdimension.net,1000
https://treviso.bakecaincontrii.com,1000
https://pnrr.pubblica.istruzione.it,1000
https://scrigno.popso.it,1000
https://www.efarma.com,1000
https://www.elle.com,1000
https://www.youtube.com,1000
https://www.pinterest.it,1000
https://love4porn.com,1000
https://m.cronachemaceratesi.it,1000
https://m.nirvam.it,1000
https://www.prozis.com,1000
https://www.booking.com,1000
https://www.bonprix.it,1000
https://www.boyfriendtv.com,1000
https://insta-stories-viewer.com,1000
https://www.nowtv.it,1000
https://www.oasport.it,1000
https://www.decathlon.it,1000
https://news.google.com,1000
https://www.redcare.it,1000
https://grandefratello.forumfree.it,1000
https://www.msn.com,1000
https://www.motorzoom.it,1000
https://www.viamichelin.it,1000
https://www.autoruote4x4.com,1000
https://www.moscarossa.biz,1000
https://www.mangago.me,1000
https://www.suedtirolnews.it,1000
https://www.nestoria.it,1000
https://www.ecosia.org,1000
https://www.ebay.it,1000
https://www.pornhub.com,1000
https://www.meteoam.it,1000
https://www.ita-airways.com,1000
https://www.tuttocitta.it,1000
https://www.change.org,1000
https://www.gqitalia.it,1000
https://www.buonissimo.it,1000
https://www.farmae.it,1000
https://www.casa.it,1000
https://mail.tiscali.it,1000
https://www.altroconsumo.it,1000
https://digiland.libero.it,1000
https://www.futbin.com,1000
https://login.aruba.it,1000
https://www.eurospin.it,1000
https://e-hentai.org,1000
https://www.zooplus.it,1000
https://lecce.bakecaincontrii.com,1000
https://www.vogue.it,1000
https://sellercentral.amazon.it,1000
https://securelogin.poste.it,1000
https://www.ilgiornaledellosport.net,1000
https://it.pandora.net,1000
https://www.clubalfa.it,1000
https://portale.agenziaentrate.gov.it,1000
https://www.prendiporno.tv,1000
https://poki.com,1000
https://www.macrolibrarsi.it,1000
https://www.zalando.it,1000
https://www.youjizz.com,1000
https://www.pianetamilan.it,1000
https://registrofamiglie.axioscloud.it,1000
https://www.fly-go.it,1000
https://viaggi.nanopress.it,1000
https://viaggi.corriere.it,1000
https://www.obi-italia.it,1000
https://www.geopop.it,1000
https://www.deghi.it,1000
https://forumagricolturasociale.it,1000
https://necrologie.messaggeroveneto.gelocal.it,1000
https://www.reddit.com,1000
https://bato.to,1000
https://www.virgilio.it,1000
http://www.viaggiatreno.it,1000
https://www.thewardrobe.it,1000
https://sport.sky.it,1000
https://www.paypal.com,1000
https://octopusenergy.it,1000
https://coinmarketcap.com,1000
https://www.toyota.it,1000
https://gemini.google.com,1000
https://www.1000farmacie.it,1000
https://sxyprn.com,1000
https://www.istruzione.it,1000
https://www.lagazzettadelmezzogiorno.it,1000
https://www.deviantart.com,1000
https://www.discogs.com,1000
https://jysk.it,1000
https://www.cookaround.com,1000
https://www.controcalcio.com,1000
https://www.griffeshop.com,1000
https://fattureweb.sistemi.com,1000
https://www.kayak.it,1000
https://www.fascicolo-sanitario.it,1000
https://www.animeclick.it,1000
https://www.questaseratv.it,1000
https://www.leggimenu.it,1000
https://www.cassanoweb.it,1000
https://www.anagrafenazionale.interno.it,1000
https://www.analisigrammaticaleonline.it,1000
https://www.agenziaentrate.gov.it,1000
https://www.bet365.it,1000
https://it.images.search.yahoo.com,1000
https://it.finecobank.com,1000
https://www.eurosport.it,1000
https://www.everyeye.it,1000
https://www.studenti.it,1000
https://webmail.sicurezzapostale.it,1000
https://www.tgcom24.mediaset.it,1000
https://ser.brstej.com,1000
https://services.brt.it,1000
https://www.ilbianconero.com,1000
https://it.motor1.com,1000
https://it.motorsport.com,1000
https://blog.cliomakeup.com,1000
https://www.ilprodottomigliore.it,1000
https://www.inbank.it,1000
https://www.inabruzzo.it,1000
https://www.unicredit.it,1000
https://napoli.bakecaincontrii.com,1000
https://www.prima.it,1000
https://www.aliexpress.com,1000
https://www.arcaplanet.it,1000
https://calcio.pm,1000
https://calendar.google.com,1000
https://m.it.investing.com,1000
https://www.bresciatoday.it,1000
https://vicenza.bakecaincontrii.com,1000
https://www.dazn.com,1000
https://www.deepl.com,1000
https://www.webnews.it,1000
https://www.wired.it,1000
https://www.aci.it,1000
https://www.admiralbet.it,1000
https://www.sportmediaset.mediaset.it,1000
https://www.tivu.tv,1000
https://www.mondoconv.it,1000
https://store.steampowered.com,1000
https://www.e-personam.com,1000
https://rovato.org,1000
https://www.torinotoday.it,1000
https://www.transfermarkt.it,1000
https://www.portaleargo.it,1000
https://www.megasesso.com,1000
https://www.comune.roma.it,1000
https://www.0-100.it,1000
https://www.4fence.it,1000
https://tech.everyeye.it,1000
https://cookidoo.it,1000
https://www.justeat.it,1000
https://asuratoon.com,1000
https://www.fallcoweb.it,1000
https://www.livescore.in,1000
https://www.lesacoutlet.it,1000
https://www.libero.it,1000
https://www.iperceramica.it,1000
https://www.cartaidentita.interno.gov.it,1000
https://www.huffingtonpost.it,1000
https://www.corrieredellosport.it,1000
https://it.bab.la,1000
https://live-tennis.eu,1000
https://www.dropbox.com,1000
https://www.starvegas.it,1000
https://www.temu.com,1000
https://www.ilcentro.it,1000
https://www.ilmeteo.net,1000
https://www.newsbiella.it,1000
https://www.canva.com,1000
https://www.sluurpy.it,1000
https://www.escortforumit.xxx,1000
https://signin.ebay.it,1000
https://www.areanapoli.it,1000
https://m.facebook.com,1000
https://m.playbasket.it,1000
https://video.repubblica.it,1000
https://www.rinascimento.com,1000
https://www.geox.com,1000
https://www.derapate.it,1000
https://www.whatsapp.com,1000
https://www.my-personaltrainer.it,1000
https://www.viaggiavventurenelmondo.it,1000
https://iampe.agenziaentrate.gov.it,1000
https://www.thespacecinema.it,1000
https://streamingcommunity.report,1000
https://style.corriere.it,1000
https://www.trauerhilfe.it,1000
https://gestionale.immobiliare.it,1000
https://www.mininterno.net,1000
https://www.isaechia.it,1000
https://www.trivago.it,1000
https://www.conad.it,1000
https://www.grandefratello.mediaset.it,1000
https://www.groupon.it,1000
https://www.buttalapasta.it,1000
https://www.calliope.style,1000
https://federa.lepida.it,1000
https://ascoli.cityrumors.it,1000
https://www.fansale.it,1000
https://www.apple.com,1000
https://www.quora.com,1000
https://www.lecceprima.it,1000
https://www.forzaroma.info,1000
https://www.jmania.it,1000
https://www.alpitour.it,1000
https://www.tecnomat.it,1000
https://www.laverita.info,1000
https://it.jooble.org,1000
https://login.libero.it,1000
https://www.doctolib.it,1000
https://xxxvideo.best,1000
https://impresapiu.subito.it,1000
https://immobiliare.mitula.it,1000
https://wisp2.pagopa.gov.it,1000
https://books.google.it,1000
https://serial.everyeye.it,1000
https://www.ilmattino.it,1000
https://www.ilcorrierino.com,1000
https://www.fiorellarubino.com,1000
https://moovitapp.com,1000
https://multiplayer.it,1000
https://it.xgroovy.com,1000
https://milano.corriere.it,1000
https://www.calzedonia.com,1000
https://www.snai.it,1000
https://www.ups.com,1000
https://portaleservizi.dlci.interno.it,1000
https://napoli.repubblica.it,1000
https://www.arabonormannaunesco.it,1000
https://www.vecchiasignora.com,1000
https://scholar.google.com,1000
https://www.machedavvero.it,1000
https://m.calcionapoli24.it,1000
https://m.fanfiction.net,1000
https://www.proveinvalsi.net,1000
https://www.fiscoetasse.com,1000
https://video.corriere.it,1000
